<?xml version="1.0" encoding="utf-8"?>
<extension type="plugin" group="attachments" version="1.6" method="upgrade">
    <name>plg_attachments_plugin_framework</name>
    <creationDate>September 17, 2011</creationDate>
    <author>Jonathan M. Cameron</author>
    <authorEmail>jmcameron@jmcameron.net</authorEmail>
    <authorUrl>http://joomlacode.org/gf/project/attachments/</authorUrl>
    <copyright>(C) 2009-2011 Jonathan M. Cameron. All rights reserved.</copyright>
    <license>http://www.gnu.org/licenses/gpl-3.0.html GNU/GPL</license>
    <version>3.0.2</version>
   <description>ATTACH_ATTACHMENTS_FOR_COMPONENTS_PLUGIN_FRAMEWORK_DESCRIPTION</description>

    <files>
        <filename plugin="attachments_plugin_framework">attachments_plugin_framework.php</filename>
        <filename>attachments_plugin.php</filename>
        <filename>attachments_plugin_manager.php</filename>
        <filename>index.html</filename>
        <folder>language</folder>
    </files>

</extension>
