<?xml version="1.0" encoding="utf-8"?>
<extension type="plugin" group="content" version="1.6" method="upgrade">
    <name>plg_content_attachments</name>
    <creationDate>September 17, 2011</creationDate>
    <author>Jonathan M. Cameron</author>
    <authorEmail>jmcameron@jmcameron.net</authorEmail>
    <authorUrl>http://joomlacode.org/gf/project/attachments/</authorUrl>
    <copyright>(C) 2007-2011 Jonathan M. Cameron. All rights reserved.</copyright>
    <license>http://www.gnu.org/licenses/gpl-3.0.html GNU/GPL</license>
    <version>3.0.2</version>
    <description>ATTACH_ATTACHMENTS_PLUGIN_DESCRIPTION</description>

    <files>
	<filename plugin="attachments">attachments.php</filename>
	<filename>attachments.css</filename>
	<filename>attachments1.css</filename>
	<filename>attachments2.css</filename>
	<filename>attachments2_rtl.css</filename>
	<filename>attachments_caching.js</filename>
	<filename>attachments_refresh.js</filename>
	<filename>attachments_rtl.css</filename>
	<filename>index.html</filename>
	<folder>language</folder>
    </files>

</extension>
