<?xml version="1.0" encoding="utf-8"?>
<extension type="plugin" group="editors-xtd" version="1.6" method="upgrade">
    <name>plg_editors-xtd_insert_attachments_token_btn</name>
    <author>Jonathan M. Cameron</author>
    <creationDate>September 17, 2011</creationDate>
    <copyright>(C) 2007-2011 Jonathan M. Cameron. All rights reserved.</copyright>
    <license>http://www.gnu.org/licenses/gpl-3.0.html GNU/GPL</license>
    <authorEmail>jmcameron@jmcameron.net</authorEmail>
    <authorUrl>http://joomlacode.org/gf/project/attachments/</authorUrl>
    <version>3.0.2</version>
    <description>ATTACH_INSERT_ATTACHMENTS_TOKEN_BUTTON_PLUGIN_DESCRIPTION</description>

    <files>
	<filename plugin="insert_attachments_token">insert_attachments_token.php</filename>
	<filename>insert_attachments_token.png</filename>
	<filename>insert_attachments_token.css</filename>
	<filename>insert_attachments_token_rtl.png</filename>
	<filename>insert_attachments_token_rtl.css</filename>
	<filename>index.html</filename>
	<folder>language</folder>
    </files>

</extension>
