<?xml version="1.0" encoding="utf-8"?>
<extension type="plugin" group="system" version="1.6" method="upgrade">
    <name>plg_system_show_attachments_in_editor</name>
    <author>Jonathan M. Cameron</author>
    <creationDate>September 17, 2011</creationDate>
    <copyright>(C) 2011 Jonathan M. Cameron. All rights reserved.</copyright>
    <license>http://www.gnu.org/licenses/gpl-3.0.html GNU/GPL</license>
    <authorEmail>jmcameron@jmcameron.net</authorEmail>
    <authorUrl>http://joomlacode.org/gf/project/attachments/</authorUrl>
    <version>3.0.2</version>
    <description>ATTACH_SHOW_ATTACHMENTS_IN_EDITOR_PLUGIN_DESCRIPTION</description>

    <files>
	<filename plugin="show_attachments">show_attachments.php</filename>
	<filename>index.html</filename>
	<folder>language</folder>
    </files>

</extension>
