<?xml version="1.0" encoding="utf-8"?>
<extension type="component" version="1.6" method="upgrade">
    <name>com_attachments</name>
    <author>Jonathan M. Cameron</author>
    <authorEmail>jmcameron@jmcameron.net</authorEmail>
    <authorUrl>http://joomlacode.org/gf/project/attachments3/</authorUrl>
    <copyright>(C) 2007-2011 Jonathan M. Cameron. All rights reserved.</copyright>
    <license>http://www.gnu.org/licenses/gpl-3.0.html GNU/GPL</license>
    <version>3.0.2</version>
    <creationDate>September 17, 2011</creationDate>
    <description>ATTACH_ATTACHMENTS_COMPONENT_DESCRIPTION</description>

    <scriptfile>install.attachments.php</scriptfile>

    <install>
	<sql>
	    <file driver="mysql" charset="utf8">sql/install.mysql.sql</file>
	</sql>
    </install>

    <uninstall>
	<sql>
	    <file driver="mysql" charset="utf8">sql/uninstall.mysql.sql</file>
	</sql>
    </uninstall>

    <files folder="site">
	<filename>attachments.php</filename>
	<filename>controller.php</filename>
	<filename>controllers/attachments.php</filename>
	<filename>controllers/index.html</filename>
	<filename>defines.php</filename>
	<filename>file_types.php</filename>
	<filename>helper.php</filename>
	<filename>index.html</filename>
	<filename>models/attachment.php</filename>
	<filename>models/attachments.php</filename>
	<filename>models/index.html</filename>
	<filename>router.php</filename>
	<filename>views/attachments/index.html</filename>
	<filename>views/attachments/metadata.xml</filename>
	<filename>views/attachments/tmpl/default.php</filename>
	<filename>views/attachments/tmpl/default.xml</filename>
	<filename>views/attachments/tmpl/index.html</filename>
	<filename>views/attachments/view.html.php</filename>
	<filename>views/attachments/view.raw.php</filename>
	<filename>views/index.html</filename>
	<filename>views/update/index.html</filename>
	<filename>views/update/metadata.xml</filename>
	<filename>views/update/view.html.php</filename>
	<filename>views/update/tmpl/default.php</filename>
	<filename>views/update/tmpl/index.html</filename>
	<filename>views/upload/index.html</filename>
	<filename>views/upload/metadata.xml</filename>
	<filename>views/upload/view.html.php</filename>
	<filename>views/upload/tmpl/default.php</filename>
	<filename>views/upload/tmpl/index.html</filename>
	<filename>views/warning/index.html</filename>
	<filename>views/warning/tmpl/default.php</filename>
	<filename>views/warning/tmpl/index.html</filename>
	<filename>views/warning/view.html.php</filename>
	<folder>language</folder>
	<folder>media</folder>
    </files>

    <administration>
	<menu img="components/com_attachments/media/attachments.png">ATTACH_ATTACHMENTS</menu>
	<submenu>
	     <menu link="option=com_attachments&amp;task=attachment.add" img="class:newarticle">ATTACH_ADD_NEW_ATTACHMENT</menu>
	     <menu link="option=com_attachments&amp;task=params.edit" img="class:config">JTOOLBAR_OPTIONS</menu>
	</submenu>

	<files folder="admin">
	    <filename>attachments.php</filename>
	    <filename>access.xml</filename>
	    <filename>config.xml</filename>
	    <filename>controller.php</filename>
	    <filename>controllers/attachment.php</filename>
	    <filename>controllers/attachments.php</filename>
	    <filename>controllers/index.html</filename>
	    <filename>controllers/list.php</filename>
	    <filename>controllers/params.php</filename>
	    <filename>controllers/special.php</filename>
	    <filename>controllers/utils.php</filename>
	    <filename>help/en-GB/help.css</filename>
	    <filename>help/en-GB/help.html</filename>
	    <filename>help/en-GB/index.html</filename>
	    <folder>help/en-GB/images</folder>
	    <filename>help/en-GB/plugin_manual/html/genindex.html</filename>
	    <filename>help/en-GB/plugin_manual/html/index.html</filename>
	    <filename>help/en-GB/plugin_manual/html/search.html</filename>
	    <filename>help/en-GB/plugin_manual/html/searchindex.js</filename>
	    <filename>help/en-GB/plugin_manual/index.html</filename>
	    <filename>help/index.html</filename>
	    <filename>import.php</filename>
	    <filename>index.html</filename>
	    <filename>media/attachments.css</filename>
	    <filename>media/attachments.png</filename>
	    <filename>media/attachments_logo48.png</filename>
	    <filename>media/attachments_rtl.css</filename>
	    <filename>media/attachments_utils32.png</filename>
	    <filename>media/index.html</filename>
	    <filename>models/attachment.php</filename>
	    <filename>models/attachments.php</filename>
	    <filename>models/fields/accesslevels.php</filename>
	    <filename>models/fields/iconfilenames.php</filename>
	    <filename>models/fields/index.html</filename>
	    <filename>models/forms/attachment.xml</filename>
	    <filename>models/forms/index.html</filename>
	    <filename>models/index.html</filename>
	    <filename>permissions.php</filename>
	    <filename>sql/index.html</filename>
	    <filename>sql/install.mysql.sql</filename>
	    <filename>sql/uninstall.mysql.sql</filename>
	    <filename>sql/updates/index.html</filename>
	    <filename>tables/attachment.php</filename>
	    <filename>tables/index.html</filename>
	    <filename>update.php</filename>
	    <filename>views/add/index.html</filename>
	    <filename>views/add/tmpl/default.php</filename>
	    <filename>views/add/tmpl/index.html</filename>
	    <filename>views/add/view.html.php</filename>
	    <filename>views/attachments/index.html</filename>
	    <filename>views/attachments/tmpl/default_body.php</filename>
	    <filename>views/attachments/tmpl/default_filter.php</filename>
	    <filename>views/attachments/tmpl/default_foot.php</filename>
	    <filename>views/attachments/tmpl/default_head.php</filename>
	    <filename>views/attachments/tmpl/default.php</filename>
	    <filename>views/attachments/tmpl/index.html</filename>
	    <filename>views/attachments/view.html.php</filename>
	    <filename>views/edit/index.html</filename>
	    <filename>views/edit/tmpl/default.php</filename>
	    <filename>views/edit/tmpl/index.html</filename>
	    <filename>views/edit/view.html.php</filename>
	    <filename>views/entity/index.html</filename>
	    <filename>views/entity/tmpl/default.php</filename>
	    <filename>views/entity/tmpl/index.html</filename>
	    <filename>views/entity/view.html.php</filename>
	    <filename>views/index.html</filename>
	    <filename>views/params/index.html</filename>
	    <filename>views/params/tmpl/default.php</filename>
	    <filename>views/params/tmpl/index.html</filename>
	    <filename>views/params/view.html.php</filename>
	    <filename>views/utils/index.html</filename>
	    <filename>views/utils/view.php</filename>
	    <filename>views/warning/index.html</filename>
	    <filename>views/warning/tmpl/default.php</filename>
	    <filename>views/warning/tmpl/index.html</filename>
	    <filename>views/warning/view.html.php</filename>
	    <filename>Changelog.php</filename>
	    <folder>help/en-GB/plugin_manual/html/_static</folder>
	    <folder>language</folder>
	</files>
    </administration>

    <!-- Install the package language file this way since it is not clear how to install it directly with the package installer -->
    <languages folder="site">
	<language tag="en-GB">en-GB.pkg_attachments.sys.ini</language>
    </languages>

</extension>
