<?xml version="1.0" encoding="UTF-8"?>
<cbinstall version="1.0" type="plugin" group="user">
	<name>Community ACL Registration Plugin</name>
	<author>corePHP</author>
	<creationDate>06-09-2009</creationDate>
	<copyright>(C) 2009 corephp.com</copyright>
	<license>http://www.gnu.org/licenses/old-licenses/gpl-2.0.html GNU/GPL version 2</license>
	<authorEmail>support@corephp.com</authorEmail>
	<authorUrl>www.corephp.com</authorUrl>
	<version>1.2.1</version>
	<description>Community ACL User Registration</description>
	<files>
		<filename plugin="userreg">userreg.php</filename>
		<filename>index.html</filename>
	</files>
    <params></params>
	<tabs></tabs>
</cbinstall>