<?xml version="1.0" encoding="utf-8"?>
<install type="module" version="0.1.0">
	<name>PagebreakPlus - Article TOC</name>
	<author>GeoXeo</author>
	<creationDate>February 2010</creationDate>
	<copyright>Copyright (C) 2010 GeoXeo. All rights reserved.</copyright>
	<license>http://www.gnu.org/licenses/gpl-2.0.html GNU/GPL</license>
	<authorEmail>contact@geoxeo.com</authorEmail>
	<authorUrl>www.geoxeo.com</authorUrl>
	<version>0.1.0</version>
	<description>This module allows to show article TOC in a module</description>
	<files>
		<filename module="mod_pagebreakplus">mod_pagebreakplus.php</filename>
	</files>
</install>