<?xml version="1.0" encoding="utf-8"?>
<form>
	<name>Author User Type</name>
	<params>
		<param name="language" type="languages" client="site" default="" label="Front-end Language" description="paramLanguage" />
		<param name="editor" type="editors" default="" label="User Editor" description="WYSIWYG Editor for this User" />
		<param name="helpsite" type="helpsites" default="" label="Help Site" description="Help Site for this User" />
		<param name="timezone" type="timezones" default="" label="Time Zone" description="Time Zone for this User" />
	</params>
</form>
